amethysts_d1,amethysts_d2,amethysts_d3,starfruit_d1,starfruit_d2,starfruit_d3,orchids_d2,orchids_d3,chocolate_d3,strawberries_d3,roses_d3,gift_basket_d3,rainforest_resin_d1,rainforest_resin_d2,rainforest_resin_d3,kelp_d1,kelp_d2,kelp_d3,squid_ink_d1,squid_ink_d2,squid_ink_d3,croissants_d2,croissants_d3,jams_d2,jams_d3,picnic_basket1_d2,picnic_basket1_d3,picnic_basket2_d2,picnic_basket2_d3,djembes_d2,djembes_d3,volcanic_rock_voucher_10500_d3,volcanic_rock_voucher_10000_d3,volcanic_rock_voucher_9750_d3,volcanic_rock_voucher_9500_d3,volcanic_rock_voucher_10250_d3,volcanic_rock_d3
9999.993559521208,9999.998925716825,10000.000282162693,5003.773821799462,5049.832102536637,5058.618438174326,1208.7989326067393,1041.244125,8018.214758041408,4019.0338818130576,14661.604854645833,71218.91346400535,9999.993559521208,9999.999252401267,9999.99995922673,2011.7897647589523,2024.13370419793,2034.5687962670495,2033.969462474789,1971.561966365823,1907.8573574727566,4318.699496918528,4305.8158404314,6658.110305819431,6597.789864163193,59416.86697804511,59134.604325707056,30649.111378935402,30415.008090597672,13460.294014707082,13462.424067495353,72.6102016458377,458.05686989869827,704.879578756977,954.4240291427312,229.91249128342722,10454.095088389293
