amethysts_d1,starfruit_d1,amethysts_d2,starfruit_d2,amethysts_d3,starfruit_d3,orchids_d2,orchids_d3,orchids_d2,orchids_d3
9999.993559521208,5003.773821799462,9999.998925716825,5049.832102536637,10000.000282162693,5058.618438174326,1208.7989326067393,1041.244125,1208.7989326067393,1041.244125
